{"name":"8181a839-ea9a-41ff-9851-f9ceb9165ae8","id":"/providers/Microsoft.Flow/flows/8181a839-ea9a-41ff-9851-f9ceb9165ae8","type":"Microsoft.Flow/flows","properties":{"apiId":"/providers/Microsoft.PowerApps/apis/shared_logicflows","displayName":"Publish Yellow Taxi Data File Upload Event","definition":{"metadata":{"workflowEntityId":null,"processAdvisorMetadata":null,"flowclientsuspensionreason":"None","flowclientsuspensiontime":null,"creator":{"id":"dda0dda1-1993-46fd-b2cf-70b98a97c828","type":"User","tenantId":"6ade8ff8-b23f-430b-9847-ce8300e851c4"},"provisioningMethod":"FromDefinition","failureAlertSubscription":true,"clientLastModifiedTime":"2021-12-10T08:28:00.2961166Z"},"$schema":"https://schema.management.azure.com/providers/Microsoft.Logic/schemas/2016-06-01/workflowdefinition.json#","contentVersion":"1.0.0.0","parameters":{"$connections":{"defaultValue":{},"type":"Object"},"$authentication":{"defaultValue":{},"type":"SecureObject"}},"triggers":{"When_File_is_Created_Or_Modified":{"recurrence":{"frequency":"Minute","interval":3},"splitOn":"@triggerOutputs()?['body/value']","metadata":{"operationMetadataId":"77a13621-e971-49c0-b743-357beaece4d5"},"type":"OpenApiConnection","inputs":{"host":{"apiId":"/providers/Microsoft.PowerApps/apis/shared_sharepointonline","connectionName":"shared_sharepointonline_1","operationId":"GetOnUpdatedFileItems"},"parameters":{"dataset":"https://isgd5.sharepoint.com/sites/YellowTaxi","table":"f40ce3be-f47a-41b7-9fc3-c4676bac91d0"},"authentication":"@parameters('$authentication')"}}},"actions":{"Get_Site_Address_Tokens":{"runAfter":{},"metadata":{"operationMetadataId":"c99bd309-6ca1-457d-9976-720bf62f1a4e"},"type":"InitializeVariable","inputs":{"variables":[{"name":"siteAddressTokens","type":"array","value":"@split(triggerOutputs()?['body/{Link}'],'/')"}]}},"Publish_File_Ingested_Event":{"runAfter":{"Get_Site_Address_Tokens":["Succeeded"]},"metadata":{"operationMetadataId":"badb4abc-62c2-4083-846d-9d521804d39a"},"type":"OpenApiConnection","inputs":{"host":{"apiId":"/providers/Microsoft.PowerApps/apis/shared_azureeventgridpublish","connectionName":"shared_azureeventgridpublish","operationId":"PublishEvent"},"parameters":{"body":[{"id":"@guid()","subject":"NYCTaxi/YellowTaxi/TripData/@{triggerOutputs()?['body/{Name}']}","eventType":"NYCTaxi.YellowTaxi.TripData.FileIngested","data":{"siteAddress":"@concat(variables('siteAddressTokens')[0],'//',variables('siteAddressTokens')[2],'/',variables('siteAddressTokens')[3],'/',variables('siteAddressTokens')[4])","folderPath":"@triggerOutputs()?['body/{Path}']","fileName":"@triggerOutputs()?['body/{FilenameWithExtension}']","uploadedBy":"@triggerOutputs()?['body/Editor/Email']"},"dataVersion":1,"eventTime":"@utcNow()"}]},"authentication":"@parameters('$authentication')"}}}},"connectionReferences":{"shared_azureeventgridpublish":{"connectionName":"083fb4574cf34a69bcb66660cca7dbef","source":"Embedded","id":"/providers/Microsoft.PowerApps/apis/shared_azureeventgridpublish","tier":"NotSpecified"},"shared_sharepointonline_1":{"connectionName":"13db322a93754bf48f786ff620c43112","source":"Embedded","id":"/providers/Microsoft.PowerApps/apis/shared_sharepointonline","tier":"NotSpecified"}},"flowFailureAlertSubscribed":false}}